Samples	646	647	648	649	650	651	652	653	654	661
CHM1_A_c5_complete.pileup.vcf	0	0	0	0	0	0	0	0	0	0
CHM1_B_c4_complete.pileup.vcf	0	0	0	0	0	0	0	0	0	0
CHM1_C_c1_complete.pileup.vcf	0	0	0	0	0	0	0	0	0	0
CHM1_D_c0_complete.pileup.vcf	0	0	0	0	0	0	0	0	0	0
CHM1_N_c3_complete.pileup.vcf	0	0	0	0	0	0	0	0	0	0
H9_A1_c8_complete.pileup.vcf	0	0	0	0	0	0	0	0	0	0
H9_B1_c1_complete.pileup.vcf	0	0	0	0	0	0	0	0	0	0
H9_B2_c3_complete.pileup.vcf	0	0	0	0	0	0	0	0	0	0
H9_B3_c7_complete.pileup.vcf	0	0	0	0	0	0	0	0	0	0
H9_C1_c4_complete.pileup.vcf	0	0	2	0	0	0	0	0	0	0
H9_D1_c2_complete.pileup.vcf	0	2	0	0	0	0	0	0	0	0
H9_N1_c0_complete.pileup.vcf	0	0	0	0	0	0	0	0	0	0
H9_N2_c5_complete.pileup.vcf	0	0	0	0	0	0	0	0	0	0
NA12878_A1_c7_complete.pileup.vcf	2	2	2	2	2	2	2	2	1	1
NA12878_B1_c3_complete.pileup.vcf	2	2	2	2	2	2	2	2	2	1
NA12878_B2_c5_complete.pileup.vcf	2	2	2	2	0	2	2	2	2	2
NA12878_C1_c1_complete.pileup.vcf	2	2	2	2	2	2	2	2	2	2
NA12878_D1_c4_complete.pileup.vcf	2	2	2	2	0	2	2	0	2	2
NA12878_D2_c6_complete.pileup.vcf	1	2	2	1	0	0	0	2	2	1
NA12878_N1_c0_complete.pileup.vcf	2	2	2	2	2	2	2	0	1	1
NA12878_N2_c2_complete.pileup.vcf	1	1	2	2	2	0	0	0	1	1
NA12891_A1_c3_complete.pileup.vcf	2	2	2	0	0	2	0	0	2	1
NA12891_B1_c1_complete.pileup.vcf	2	2	2	2	2	2	0	0	1	1
NA12891_B2_c6_complete.pileup.vcf	0	2	2	2	2	2	0	0	1	1
NA12891_B3_c7_complete.pileup.vcf	2	2	2	2	2	2	0	0	2	1
NA12891_C1_c5_complete.pileup.vcf	2	2	2	2	0	2	0	2	2	0
NA12891_D1_c0_complete.pileup.vcf	1	1	1	1	1	1	1	1	2	0
NA12891_N1_c2_complete.pileup.vcf	2	2	2	2	0	2	0	2	1	1
NA12891_N2_c4_complete.pileup.vcf	1	1	1	1	1	1	1	1	2	1
NA12892_A1_c5_complete.pileup.vcf	2	2	2	2	2	1	0	2	1	1
NA12892_B1_c0_complete.pileup.vcf	1	1	2	1	1	1	1	2	1	1
NA12892_B2_c4_complete.pileup.vcf	2	2	2	2	0	2	0	2	1	1
NA12892_C1_c3_complete.pileup.vcf	1	1	2	1	1	1	1	1	2	2
NA12892_D1_c2_complete.pileup.vcf	1	2	2	2	1	2	1	0	2	0
NA12892_D2_c6_complete.pileup.vcf	1	1	1	1	1	1	1	1	2	1
NA12892_N1_c1_complete.pileup.vcf	2	2	2	2	0	2	2	0	1	1
NA24143_A1_c4_complete.pileup.vcf	1	1	1	1	1	1	1	1	2	0
NA24143_A2_c5_complete.pileup.vcf	2	2	2	2	2	0	2	0	1	1
NA24143_B1_c3_complete.pileup.vcf	1	1	1	1	1	1	1	1	2	0
NA24143_C1_c2_complete.pileup.vcf	2	2	2	0	2	0	0	0	2	0
NA24143_D1_c0_complete.pileup.vcf	1	1	1	1	1	1	1	1	2	2
NA24143_N1_c1_complete.pileup.vcf	2	2	2	2	2	2	2	2	2	2
NA24149_A1_c4_complete.pileup.vcf	1	1	1	1	1	1	1	1	1	1
NA24149_B1_c2_complete.pileup.vcf	2	2	2	2	0	0	0	0	1	0
NA24149_B2_c5_complete.pileup.vcf	1	1	1	1	1	1	1	1	2	0
NA24149_C1_c0_complete.pileup.vcf	2	2	2	2	2	2	0	0	2	2
NA24149_D1_c3_complete.pileup.vcf	2	1	1	1	1	1	1	1	1	0
NA24149_N1_c1_complete.pileup.vcf	2	2	2	2	2	2	0	0	2	2
NA24385_A1_c0_complete.pileup.vcf	1	1	1	1	1	1	1	1	1	1
NA24385_A2_c6_complete.pileup.vcf	2	2	2	2	2	0	0	0	1	1
NA24385_B1_c4_complete.pileup.vcf	2	1	1	1	1	1	1	1	2	1
NA24385_B2_c5_complete.pileup.vcf	2	2	2	2	2	2	2	0	2	1
NA24385_C1_c2_complete.pileup.vcf	1	1	1	1	1	1	1	1	2	0
NA24385_D1_c1_complete.pileup.vcf	2	2	2	2	2	2	0	2	2	2
NA24385_N1_c3_complete.pileup.vcf	1	1	1	1	1	1	1	1	1	2
